TDSFU Daily run: Mon Oct 27 13:30:44 UTC 2025 TDSFU
TDSFU Daily run: Tue Oct 28 04:34:16 UTC 2025 TDSFU
TDSFU Daily run: Wed Oct 29 04:38:50 UTC 2025 TDSFU
TDSFU Daily run: Thu Oct 30 04:33:52 UTC 2025 TDSFU
TDSFU Daily run: Fri Oct 31 04:36:10 UTC 2025 TDSFU
TDSFU Daily run: Sat Nov  1 04:31:56 UTC 2025 TDSFU
TDSFU Daily run: Sun Nov  2 04:34:38 UTC 2025 TDSFU
TDSFU Daily run: Mon Nov  3 04:40:21 UTC 2025 TDSFU
TDSFU Daily run: Tue Nov  4 04:34:22 UTC 2025 TDSFU
TDSFU Daily run: Wed Nov  5 04:34:49 UTC 2025 TDSFU
TDSFU Daily run: Thu Nov  6 04:39:03 UTC 2025 TDSFU
TDSFU Daily run: Fri Nov  7 04:34:36 UTC 2025 TDSFU
TDSFU Daily run: Sat Nov  8 04:32:46 UTC 2025 TDSFU
